{
   "init":{
      "1":[
         0.0,
         0.0
      ],
      "2":[
         0.85,
         -0.197645340455443
      ],
      "3":[
         0.59224972360608,
         -0.057574340929495
      ],
      "4":[
         0.924966571380825,
         0.403166133744836
      ],
      "5":[
         0.579827673213072,
         0.303216980911113
      ],
      "6":[
         0.503354946118965,
         0.456688997044499
      ],
      "7":[
         0.352114639327333,
         0.530993544407133
      ],
      "8":[
         0.304839073096459,
         0.468120661867691
      ],
      "9":[
         0.428064740584698,
         0.268303653858494
      ],
      "10":[
         0.70279341077935,
         0.212965212272098
      ],
      "11":[
         0.514397601286178,
         0.449858589897154
      ],
      "12":[
         0.35637879312503,
         0.533809972388938
      ],
      "13":[
         0.300354681547305,
         0.479460337101549
      ],
      "14":[
         0.408430698128475,
         0.285435625274433
      ],
      "15":[
         0.69380095334311,
         0.189073949231369
      ],
      "16":[
         0.545578018266801,
         0.440423974736308
      ],
      "17":[
         0.358497253807653,
         0.551802886962791
      ],
      "18":[
         0.279934394494469,
         0.519290576669865
      ],
      "19":[
         0.3444281244901,
         0.346344366876387
      ],
      "20":[
         0.643298305266555,
         0.132330018244807
      ],
      "21":[
         0.661868905469137,
         0.419739687626737
      ],
      "22":[
         0.373021225673373,
         0.579497690827488
      ],
      "23":[
         0.25744887689723,
         0.591016778502317
      ],
      "24":[
         0.250078706760373,
         0.4957274529824
      ],
      "25":[
         0.399642830245895,
         0.251423300421115
      ],
      "26":[
         0.756140358205181,
         0.151157860100359
      ],
      "27":[
         0.529441235252599,
         0.390046294141197
      ],
      "28":[
         0.42113873452635,
         0.480385627200234
      ],
      "29":[
         0.350399194589655,
         0.464853853154862
      ],
      "30":[
         0.408995341996153,
         0.331871831665144
      ],
      "31":[
         0.612374393893676,
         0.232051210449281
      ],
      "32":[
         0.569439983039932,
         0.441475610242316
      ],
      "33":[
         0.354358648500199,
         0.570716488444749
      ],
      "34":[
         0.263123612498759,
         0.553664636661363
      ]
   }
}